competitor,fullList,otherCategory,sameCategory,taciturn,model,abs_diff
0.28463596116527456,-0.08636986309981055,-0.09824246121283146,-0.11679268808336524,-0.08158003098931724,GPT-3 one-shot CoT E1,0.13352420091011982
0.2706883237535229,-0.2340650155760497,-0.09768587924435107,-0.0453664024115942,-0.00804914099964249,GPT-3 zero-shot CoT E1,0.13117095239703208
