global_category,context1,context2,prompt
competitor_c1,0.7897727272727273,0.2722222222222222,human E2
competitor_c2,0.2784090909090909,0.7166666666666667,human E2
mostSimilar,0.3068181818181818,0.5611111111111111,human E2
otherCategory,0.06818181818181818,0.08333333333333333,human E2
