competitor,fullList,mostSimilar,otherCategory,sameCategory,taciturn,model,abs_diff
0.19651994476714688,-0.16035100037563776,-0.030001628020917798,-0.08110918583909808,0.15703152064209813,-0.17496451824200682,GPT-3 one-shot CoT E2,0.15399523397319753
0.190191862422817,-0.17304288225911696,-0.037576678825974263,-0.08711295408154394,0.1494557158722797,-0.13478993019687702,GPT-3 zero-shot CoT E2,0.1286950039431015
