competitor,fullList,mostSimilar,other,otherCategory,sameCategory,prompt
0.19230769230769232,0.14423076923076922,0.25,0.0673076923076923,0.009615384615384616,0.33653846153846156,E1 CoT prompt for E2
0.14130434782608695,0.13043478260869565,0.18478260869565216,0.08695652173913043,0,0.45652173913043476,E1 QA prompt for E2
0.05357142857142857,0.3392857142857143,0.07142857142857142,0.19642857142857142,0,0.3392857142857143,E1 explanation prompt for E2
