category,human E1_human,one-shot CoT_meta-llama/Meta-Llama-3-70B-Instruct,zero-shot_meta-llama/Meta-Llama-3-70B-Instruct
competitor,0.5171102661596958,0.8769230769230769,0.3150684931506849
fullList,0.09885931558935361,1e-5,0.5205479452054794
sameCategory,0.17870722433460076,0.1076923076923077,0.1643835616438356
otherCategory,0.0038022813688212928,1e-5,1e-5
taciturn,0.20152091254752852,0.015384615384615385,1e-5
