category,human E1_human,one-shot CoT_meta-llama/Meta-Llama-3-70B-Instruct,zero-shot_meta-llama/Meta-Llama-3-70B-Instruct
competitor,0.45791245791245794,0.76,0.30666666666666664
other,0.11447811447811448,0.13333333333333333,0.02666666666666667
fullList,0.08754208754208755,1e-5,0.5066666666666667
sameCategory,0.15824915824915825,0.09333333333333334,0.16
otherCategory,0.003367003367003367,1e-5,1e-5
taciturn,0.17845117845117844,0.013333333333333334,1e-5
