category,human E2_human,one-shot CoT_mistralai/Mixtral-8x7B-Instruct-v0.1,zero-shot_mistralai/Mixtral-8x7B-Instruct-v0.1
competitor,0.3294930875576037,0.375,0.08333333333333333
otherCategory,0.004608294930875576,0.03333333333333333,0.008333333333333333
sameCategory,0.3317972350230415,0.44166666666666665,0.3
mostSimilar,0.0967741935483871,0.1,0.06666666666666667
fullList,0.027649769585253458,0.041666666666666664,0.21666666666666667
other,0.1313364055299539,1e-5,0.325
taciturn,0.07834101382488479,0.008333333333333333,1e-5
