category,human E2_human,one-shot CoT_mistralai/Mixtral-8x7B-Instruct-v0.1,zero-shot_mistralai/Mixtral-8x7B-Instruct-v0.1
competitor,0.3793103448275862,0.375,0.12345679012345678
otherCategory,0.005305039787798408,0.03333333333333333,0.012345679012345678
sameCategory,0.3819628647214854,0.44166666666666665,0.4444444444444444
mostSimilar,0.11140583554376658,0.1,0.09876543209876543
fullList,0.03183023872679045,0.041666666666666664,0.32098765432098764
taciturn,0.09018567639257294,0.008333333333333333,1e-5
